BEGIN;

INSERT INTO music.artists (id, name, slug, verified) VALUES
  ('10000000-0000-4000-8000-000000000001', 'Король и Шут', 'korol-i-shut', true),
  ('10000000-0000-4000-8000-000000000002', 'DJ Snake', 'dj-snake', true),
  ('10000000-0000-4000-8000-000000000003', 'Bon Jovi', 'bon-jovi', true)
ON CONFLICT (id) DO NOTHING;

INSERT INTO music.albums (id, artist_id, title, slug, album_type, release_date) VALUES
  ('20000000-0000-4000-8000-000000000001', '10000000-0000-4000-8000-000000000001', 'Будь как дома, Путник...', 'bud-kak-doma-putnik', 'album', '1997-01-01'),
  ('20000000-0000-4000-8000-000000000002', '10000000-0000-4000-8000-000000000002', 'Encore', 'encore', 'album', '2016-08-05'),
  ('20000000-0000-4000-8000-000000000003', '10000000-0000-4000-8000-000000000003', 'Crush', 'crush', 'album', '2000-06-13')
ON CONFLICT (id) DO NOTHING;

INSERT INTO music.tracks (
  id, artist_id, album_id, title, release_year, duration_ms, track_number,
  audio_format, bitrate_kbps, source_url
) VALUES
  ('30000000-0000-4000-8000-000000000001', '10000000-0000-4000-8000-000000000001', '20000000-0000-4000-8000-000000000001', 'Лесник', 1997, 191000, 3, 'mp3', 320, 'https://cdn.example.test/music/lesnik.mp3'),
  ('30000000-0000-4000-8000-000000000002', '10000000-0000-4000-8000-000000000002', '20000000-0000-4000-8000-000000000002', 'Let Me Love You', 2016, 205000, 13, 'mp3', 320, 'https://cdn.example.test/music/let-me-love-you.mp3'),
  ('30000000-0000-4000-8000-000000000003', '10000000-0000-4000-8000-000000000003', '20000000-0000-4000-8000-000000000003', 'It''s My Life', 2000, 224000, 1, 'mp3', 320, 'https://cdn.example.test/music/its-my-life.mp3')
ON CONFLICT (id) DO NOTHING;

INSERT INTO music.genres (id, name, slug) VALUES
  ('40000000-0000-4000-8000-000000000001', 'Рок', 'rock'),
  ('40000000-0000-4000-8000-000000000002', 'Поп', 'pop'),
  ('40000000-0000-4000-8000-000000000003', 'Электроника', 'electronic')
ON CONFLICT (id) DO NOTHING;

INSERT INTO music.track_genres (track_id, genre_id) VALUES
  ('30000000-0000-4000-8000-000000000001', '40000000-0000-4000-8000-000000000001'),
  ('30000000-0000-4000-8000-000000000002', '40000000-0000-4000-8000-000000000002'),
  ('30000000-0000-4000-8000-000000000002', '40000000-0000-4000-8000-000000000003'),
  ('30000000-0000-4000-8000-000000000003', '40000000-0000-4000-8000-000000000001')
ON CONFLICT DO NOTHING;

COMMIT;

